name,category
Granulated Sugar,Pantry
Stevia,Pantry
All-Purpose Flour,Pantry
Almond Flour,Pantry
Unsalted Butter,Dairy
Eggs,Dairy
Whole Milk,Dairy
Baking Powder,Pantry
Baking Soda,Pantry
Kosher Salt,Pantry
Sea Salt,Pantry
Black Pepper,Spices
Olive Oil,Pantry
Vegetable Oil,Pantry
Canola Oil,Pantry
Vanilla Extract,Pantry
Brown Sugar,Pantry
Confectioners' Sugar,Pantry
Honey,Pantry
Maple Syrup,Pantry
Cornstarch,Pantry
Cocoa Powder,Pantry
Dark Chocolate,Pantry
Milk Chocolate,Pantry
White Chocolate,Pantry
Old-Fashioned Oats,Pantry
Quick Oats,Pantry
White Rice,Pantry
Brown Rice,Pantry
Jasmine Rice,Pantry
Basmati Rice,Pantry
Quinoa,Pantry
Couscous,Pantry
Spaghetti,Pantry
Penne,Pantry
Macaroni,Pantry
Linguine,Pantry
Fettuccine,Pantry
Breadcrumbs,Pantry
Panko Breadcrumbs,Pantry
Black Beans,Pantry
Kidney Beans,Pantry
Chickpeas,Pantry
Pinto Beans,Pantry
Cannellini Beans,Pantry
Green Lentils,Pantry
Red Lentils,Pantry
Tomato Paste,Pantry
Canned Diced Tomatoes,Pantry
Crushed Tomatoes,Pantry
Marinara Sauce,Pantry
Chicken Broth,Pantry
Beef Broth,Pantry
Vegetable Broth,Pantry
Soy Sauce,Pantry
Tamari,Pantry
Worcestershire Sauce,Pantry
Hot Sauce,Pantry
Sriracha,Pantry
Dijon Mustard,Pantry
Yellow Mustard,Pantry
Whole Grain Mustard,Pantry
Ketchup,Pantry
Mayonnaise,Pantry
Barbecue Sauce,Pantry
White Vinegar,Pantry
Apple Cider Vinegar,Pantry
Balsamic Vinegar,Pantry
Red Wine Vinegar,Pantry
Rice Vinegar,Pantry
Sesame Oil,Pantry
Peanut Butter,Pantry
Almond Butter,Pantry
Tahini,Pantry
Salsa,Pantry
Canned Tuna,Pantry
Canned Salmon,Pantry
Anchovies,Pantry
Capers,Pantry
Kalamata Olives,Pantry
Green Olives,Pantry
Dill Pickles,Pantry
Sweet Relish,Pantry
Pitted Dates,Pantry
Raisins,Pantry
Dried Cranberries,Pantry
Dried Apricots,Pantry
Walnuts,Pantry
Pecans,Pantry
Almonds,Pantry
Cashews,Pantry
Pistachios,Pantry
Pine Nuts,Pantry
Peanuts,Pantry
Sunflower Seeds,Pantry
Pumpkin Seeds,Pantry
Chia Seeds,Pantry
Flaxseeds,Pantry
Hemp Seeds,Pantry
Cinnamon,Spices
Ground Nutmeg,Spices
Ground Cloves,Spices
Allspice,Spices
Cardamom,Spices
Ground Ginger,Spices
Garlic Powder,Spices
Onion Powder,Spices
Paprika,Spices
Smoked Paprika,Spices
Cayenne Pepper,Spices
Red Pepper Flakes,Spices
Cumin,Spices
Ground Coriander,Spices
Turmeric,Spices
Curry Powder,Spices
Chili Powder,Spices
Dried Oregano,Spices
Dried Basil,Spices
Dried Thyme,Spices
Dried Rosemary,Spices
Dried Parsley,Spices
Dried Dill,Spices
Bay Leaves,Spices
Italian Seasoning,Spices
Puff Pastry,Frozen
Phyllo Dough,Frozen
Pie Crust,Frozen
Frozen Peas,Frozen
Frozen Corn,Frozen
Frozen Broccoli,Frozen
Frozen Spinach,Frozen
Frozen Mixed Vegetables,Frozen
Frozen Strawberries,Frozen
Frozen Blueberries,Frozen
Frozen Mango Chunks,Frozen
Frozen Edamame,Frozen
Vanilla Ice Cream,Frozen
Chocolate Ice Cream,Frozen
Cheddar Cheese,Dairy
Mozzarella Cheese,Dairy
Parmesan Cheese,Dairy
Swiss Cheese,Dairy
Provolone Cheese,Dairy
Feta Cheese,Dairy
Goat Cheese,Dairy
Ricotta Cheese,Dairy
Cottage Cheese,Dairy
Cream Cheese,Dairy
Sour Cream,Dairy
Heavy Cream,Dairy
Half-and-Half,Dairy
Buttermilk,Dairy
Salted Butter,Dairy
Ghee,Dairy
Greek Yogurt,Dairy
Plain Yogurt,Dairy
String Cheese,Dairy
Blue Cheese,Dairy
Brie,Dairy
Camembert,Dairy
Gouda,Dairy
Manchego,Dairy
Pecorino Romano,Dairy
Paneer,Dairy
Queso Fresco,Dairy
Colby Jack,Dairy
Pepper Jack,Dairy
Yellow Onions,Produce
Red Onions,Produce
White Onions,Produce
Garlic,Produce
Shallots,Produce
Scallions,Produce
Russet Potatoes,Produce
Yukon Gold Potatoes,Produce
Red Potatoes,Produce
Sweet Potatoes,Produce
Yams,Produce
Carrots,Produce
Celery,Produce
Bell Peppers,Produce
Jalapeño Peppers,Produce
Serrano Peppers,Produce
Habanero Peppers,Produce
Poblano Peppers,Produce
Roma Tomatoes,Produce
Beefsteak Tomatoes,Produce
Cherry Tomatoes,Produce
Grape Tomatoes,Produce
Cucumbers,Produce
English Cucumbers,Produce
Zucchini,Produce
Yellow Squash,Produce
Butternut Squash,Produce
Acorn Squash,Produce
Pumpkin,Produce
Broccoli,Produce
Cauliflower,Produce
Brussels Sprouts,Produce
Green Cabbage,Produce
Red Cabbage,Produce
Napa Cabbage,Produce
Kale,Produce
Spinach,Produce
Arugula,Produce
Romaine Lettuce,Produce
Iceberg Lettuce,Produce
Butterhead Lettuce,Produce
Swiss Chard,Produce
Collard Greens,Produce
Bok Choy,Produce
Radishes,Produce
Beets,Produce
Turnips,Produce
Parsnips,Produce
Fennel Bulb,Produce
Eggplant,Produce
Okra,Produce
Green Beans,Produce
Snap Peas,Produce
Snow Peas,Produce
Corn on the Cob,Produce
Fresh Basil,Produce
Fresh Parsley,Produce
Fresh Cilantro,Produce
Fresh Mint,Produce
Fresh Rosemary,Produce
Fresh Thyme,Produce
Fresh Oregano,Produce
Fresh Dill,Produce
Fresh Chives,Produce
Lemons,Produce
Limes,Produce
Oranges,Produce
Blood Oranges,Produce
Grapefruits,Produce
Tangerines,Produce
Clementines,Produce
Apples,Produce
Bananas,Produce
Strawberries,Produce
Blueberries,Produce
Raspberries,Produce
Blackberries,Produce
Cranberries,Produce
Pomegranates,Produce
Grapes,Produce
Pineapple,Produce
Mangoes,Produce
Papayas,Produce
Kiwis,Produce
Avocados,Produce
Peaches,Produce
Nectarines,Produce
Plums,Produce
Cherries,Produce
Watermelon,Produce
Cantaloupe,Produce
Honeydew Melon,Produce
Pears,Produce
Figs,Produce
Persimmons,Produce
Rhubarb,Produce
Plantains,Produce
Chicken Breast,Meat
Chicken Thighs,Meat
Chicken Wings,Meat
Whole Chicken,Meat
Ground Beef,Meat
Beef Steak,Meat
Beef Roast,Meat
Beef Stew Meat,Meat
Pork Chops,Meat
Pork Tenderloin,Meat
Pork Belly,Meat
Ground Pork,Meat
Bacon,Meat
Pancetta,Meat
Prosciutto,Meat
Ham,Meat
Sausage Links,Meat
Italian Sausage,Meat
Chorizo,Meat
Lamb Chops,Meat
Ground Lamb,Meat
Veal Cutlets,Meat
Venison,Meat
Duck Breast,Meat
Turkey Breast,Meat
Ground Turkey,Meat
Turkey Bacon,Meat
Beef Liver,Meat
Salmon Fillets,Meat
Cod Fillets,Meat
Halibut,Meat
Tilapia Fillets,Meat
Tuna Steaks,Meat
Mackerel,Meat
Sardines,Meat
Trout,Meat
Catfish,Meat
Shrimp,Meat
Prawns,Meat
Crab Meat,Meat
Lobster Tails,Meat
Scallops,Meat
Clams,Meat
Mussels,Meat
Oysters,Meat
Squid,Meat
Octopus,Meat
Whole Wheat Flour,Pantry
Cake Flour,Pantry
Bread Flour,Pantry
Self-Rising Flour,Pantry
Rye Flour,Pantry
Buckwheat Flour,Pantry
Coconut Flour,Pantry
Tapioca Starch,Pantry
Arrowroot Powder,Pantry
Light Brown Sugar,Pantry
Dark Brown Sugar,Pantry
Demerara Sugar,Pantry
Turbinado Sugar,Pantry
Muscovado Sugar,Pantry
Light Corn Syrup,Pantry
Dark Corn Syrup,Pantry
Golden Syrup,Pantry
Agave Nectar,Pantry
Date Syrup,Pantry
Rice Syrup,Pantry
Molasses,Pantry
Condensed Milk,Pantry
Evaporated Milk,Pantry
Dry Milk Powder,Pantry
Instant Yeast,Pantry
Active Dry Yeast,Pantry
Cream of Tartar,Pantry
Gelatin Sheets,Pantry
Unflavored Gelatin,Pantry
Pectin,Pantry
Food Coloring,Pantry
Sprinkles,Pantry
Maraschino Cherries,Pantry
Chocolate Chips,Pantry
Butterscotch Chips,Pantry
Peanut Butter Chips,Pantry
Toasted Coconut,Pantry
Marshmallows,Pantry
Mini Marshmallows,Pantry
Graham Crackers,Pantry
Vanilla Wafers,Pantry
Oreo Cookies,Pantry
Saltine Crackers,Pantry
Ritz Crackers,Pantry
Pretzels,Pantry
Popcorn Kernels,Pantry
Chia Flour,Pantry
Sorghum Flour,Pantry
Millet Flour,Pantry
Teff Flour,Pantry
Amaranth,Pantry
Farro,Pantry
Barley,Pantry
Bulgur Wheat,Pantry
Freekeh,Pantry
Spelt,Pantry
Kamut,Pantry
Wild Rice,Pantry
Black Rice,Pantry
Arborio Rice,Pantry
Sushi Rice,Pantry
Glutinous Rice,Pantry
Polenta,Pantry
Grits,Pantry
Cornmeal,Pantry
Masa Harina,Pantry
Ramen Noodles,Pantry
Udon Noodles,Pantry
Soba Noodles,Pantry
Rice Noodles,Pantry
Glass Noodles,Pantry
Rigatoni,Pantry
Pappardelle,Pantry
Orzo,Pantry
Fusilli,Pantry
Rotini,Pantry
Farfalle,Pantry
Cannelloni,Pantry
Manicotti,Pantry
Lasagna Noodles,Pantry
Gnocchi,Pantry
Black Eyed Peas,Pantry
Navy Beans,Pantry
Great Northern Beans,Pantry
Lima Beans,Pantry
Mung Beans,Pantry
Adzuki Beans,Pantry
Yellow Split Peas,Pantry
Green Split Peas,Pantry
Canned Mushrooms,Pantry
Artichoke Hearts,Pantry
Hearts of Palm,Pantry
Water Chestnuts,Pantry
Bamboo Shoots,Pantry
Baby Corn,Pantry
Canned Pumpkin,Pantry
Apple Butter,Pantry
Strawberry Jam,Pantry
Raspberry Preserves,Pantry
Apricot Jam,Pantry
Grape Jelly,Pantry
Orange Marmalade,Pantry
Lemon Curd,Pantry
Peanut Oil,Pantry
Safflower Oil,Pantry
Sunflower Oil,Pantry
Grapeseed Oil,Pantry
Avocado Oil,Pantry
Walnut Oil,Pantry
Hazelnut Oil,Pantry
Pumpkin Seed Oil,Pantry
Truffle Oil,Pantry
Lard,Pantry
Tallow,Pantry
Duck Fat,Pantry
Shortening,Pantry
Coconut Oil,Pantry
Red Wine,Beverages
White Wine,Beverages
Champagne,Beverages
Sherry,Beverages
Port Wine,Beverages
Marsala Wine,Beverages
Vermouth,Beverages
Rum,Beverages
Bourbon,Beverages
Vodka,Beverages
Tequila,Beverages
Brandy,Beverages
Cognac,Beverages
Grand Marnier,Beverages
Amaretto,Beverages
Kahlua,Beverages
Beer,Beverages
Hard Cider,Beverages
Rice Wine,Pantry
Mirin,Pantry
Sake,Pantry
Shaoxing Wine,Pantry
Fish Sauce,Pantry
Oyster Sauce,Pantry
Hoisin Sauce,Pantry
Plum Sauce,Pantry
Sweet Chili Sauce,Pantry
Black Bean Sauce,Pantry
Chili Garlic Sauce,Pantry
Sambal Oelek,Pantry
Gochujang,Pantry
Miso Paste,Pantry
Tamarind Paste,Pantry
Fish Paste,Pantry
Shrimp Paste,Pantry
Curry Paste Red,Pantry
Curry Paste Green,Pantry
Curry Paste Yellow,Pantry
Wasabi Paste,Pantry
Horseradish,Pantry
Truffle Paste,Pantry
Harissa,Pantry
Pesto,Pantry
Chimichurri,Pantry
Tapenade,Pantry
English Muffins,Bakery
Sourdough Bread,Bakery
Whole Wheat Bread,Bakery
White Bread,Bakery
Rye Bread,Bakery
Pita Bread,Bakery
Naan,Bakery
Tortillas Flour,Bakery
Tortillas Corn,Bakery
Bagels,Bakery
Croissants,Bakery
Brioche,Bakery
Challah,Bakery
Ciabatta,Bakery
Focaccia,Bakery
Baguette,Bakery
Hamburger Buns,Bakery
Hot Dog Buns,Bakery
Crusty Rolls,Bakery
Matzo,Bakery
Papadum,Bakery
Wontons Wrappers,Bakery
Egg Roll Wrappers,Bakery
Spring Roll Wrappers,Bakery
Almond Extract,Pantry
Lemon Extract,Pantry
Peppermint Extract,Pantry
Orange Extract,Pantry
Rum Extract,Pantry
Rose Water,Pantry
Orange Blossom Water,Pantry
Butternut Extract,Pantry
Anise Extract,Pantry
Cream Cheese Frosting,Pantry
Buttercream Frosting,Pantry
Chocolate Frosting,Pantry
Fondant,Pantry
Glaze,Pantry
Edible Gold Leaf,Pantry
Silver Dragees,Pantry
Cream of Coconut,Pantry
Coconut Milk,Pantry
Coconut Cream,Pantry
Sweetened Condensed Coconut Milk,Pantry
Almond Milk,Dairy
Oat Milk,Dairy
Soy Milk,Dairy
Cashew Milk,Dairy
Rice Milk,Dairy
Hemp Milk,Dairy
Flax Milk,Dairy
Pea Milk,Dairy
Buffalo Milk,Dairy
Sheep Milk,Dairy
Goat Milk,Dairy
Camel Milk,Dairy
Yak Milk,Dairy
Reindeer Milk,Dairy
Horse Milk,Dairy
Donkey Milk,Dairy
Quail Eggs,Dairy
Duck Eggs,Dairy
Goose Eggs,Dairy
Turkey Eggs,Dairy
Ostrich Eggs,Dairy
Emu Eggs,Dairy
Rheas Eggs,Dairy
Caviar,Seafood
Salmon Roe,Seafood
Flying Fish Roe,Seafood
Sea Urchin,Seafood
Abalone,Seafood
Conch,Seafood
Whelk,Seafood
Periwinkle,Seafood
Crayfish,Seafood
Spiny Lobster,Seafood
Rock Lobster,Seafood
Blue Crab,Seafood
Dungeness Crab,Seafood
King Crab,Seafood
Snow Crab,Seafood
Soft Shell Crab,Seafood
Tiger Prawns,Seafood
White Shrimp,Seafood
Brown Shrimp,Seafood
Rock Shrimp,Seafood
Black Cod,Seafood
Atlantic Cod,Seafood
Pacific Cod,Seafood
Haddock,Seafood
Pollock,Seafood
Flounder,Seafood
Sole,Seafood
Plaice,Seafood
Turbot,Seafood
Snapper,Seafood
Grouper,Seafood
Sea Bass,Seafood
Mahi Mahi,Seafood
Swordfish,Seafood
Bluefin Tuna,Seafood
Yellowfin Tuna,Seafood
Skipjack Tuna,Seafood
Albacore Tuna,Seafood
Rainbow Trout,Seafood
Brown Trout,Seafood
Brook Trout,Seafood
Lake Trout,Seafood
Atlantic Salmon,Seafood
Chinook Salmon,Seafood
Coho Salmon,Seafood
Sockeye Salmon,Seafood
Pink Salmon,Seafood
Chum Salmon,Seafood
Barramundi,Seafood
Orange Roughy,Seafood
Monkfish,Seafood
John Dory,Seafood
Carp,Seafood
Perch,Seafood
Pike,Seafood
Sturgeon,Seafood
Caviar Beluga,Seafood
Caviar Osetra,Seafood
Caviar Sevruga,Seafood
Smoked Salmon,Seafood
Smoked Trout,Seafood
Smoked Mackerel,Seafood
Salt Cod,Seafood
Bottarga,Seafood
Dried Shrimp,Seafood
Dried Squid,Seafood
Beef Tenderloin,Meat
Ribeye Steak,Meat
New York Strip,Meat
Sirloin Steak,Meat
Flank Steak,Meat
Skirt Steak,Meat
Hanger Steak,Meat
Flat Iron Steak,Meat
Porterhouse Steak,Meat
T-Bone Steak,Meat
Chuck Roast,Meat
Brisket,Meat
Short Ribs,Meat
Back Ribs,Meat
Spare Ribs,Meat
Baby Back Ribs,Meat
Oxtail,Meat
Beef Tongue,Meat
Beef Tripe,Meat
Beef Heart,Meat
Beef Kidney,Meat
Beef Sweetbreads,Meat
Pork Shoulder,Meat
Pork Butt,Meat
Pork Loin,Meat
Pork Chops Center Cut,Meat
Pork Ribs,Meat
Pork Hock,Meat
Pork Trotters,Meat
Pork Ears,Meat
Pork Belly Skin-On,Meat
Ground Veal,Meat
Veal Chops,Meat
Veal Shank,Meat
Veal Liver,Meat
Lamb Leg,Meat
Lamb Shoulder,Meat
Lamb Shanks,Meat
Lamb Ribs,Meat
Lamb Loin,Meat
Mutton,Meat
Goat Meat,Meat
Rabbit Meat,Meat
Quail Meat,Meat
Pheasant Meat,Meat
Partridge Meat,Meat
Squab Meat,Meat
Goose Meat,Meat
Turkey Wings,Meat
Turkey Thighs,Meat
Turkey Drumsticks,Meat
Duck Legs,Meat
Duck Fat Rendered,Meat
Bison Ribeye,Meat
Bison Ground,Meat
Elk Steaks,Meat
Venison Backstrap,Meat
Wild Boar Chops,Meat
Kangaroo Meat,Meat
Alligator Meat,Meat
Camel Meat,Meat
Horse Meat,Meat
Salami,Meat
Pepperoni,Meat
Mortadella,Meat
Capocollo,Meat
Bresaola,Meat
Pastrami,Meat
Corned Beef,Meat
Roast Beef Deli,Meat
Turkey Deli,Meat
Chicken Deli,Meat
Bologna,Meat
Andouille Sausage,Meat
Bratwurst,Meat
Kielbasa,Meat
Blood Sausage,Meat
Head Cheese,Meat
Liverwurst,Meat
Hot Dogs,Meat
Vienna Sausages,Meat
Pork Sausages,Meat
Breakfast Sausages,Meat
Italian Sweet Sausage,Meat
Italian Hot Sausage,Meat
Merguez,Meat
Longanisa,Meat
Lap Cheong,Meat
Salcichon,Meat
Guanciale,Meat
Lardo,Meat
Speck,Meat
Culatello,Meat
Jamón Serrano,Meat
Jamón Ibérico,Meat
Bakkwa,Meat
Jerky Beef,Meat
Jerky Turkey,Meat
Pemmican,Meat
Pork Rinds,Meat
Cracklings,Meat
Romaine Hearts,Produce
Endive,Produce
Radicchio,Produce
Frisée,Produce
Watercress,Produce
Mache,Produce
Mustard Greens,Produce
Turnip Greens,Produce
Beet Greens,Produce
Dandelion Greens,Produce
Collards,Produce
Kohlrabi,Produce
Celeriac,Produce
Jerusalem Artichoke,Produce
Jicama,Produce
Lotus Root,Produce
Burdock Root,Produce
Cassava,Produce
Taro,Produce
Yautia,Produce
Breadfruit,Produce
Jackfruit,Produce
Durian,Produce
Starfruit,Produce
Dragon Fruit,Produce
Passion Fruit,Produce
Guava,Produce
Lychee,Produce
Rambutan,Produce
Longan,Produce
Mangosteen,Produce
Persimmon Fuyu,Produce
Persimmon Hachiya,Produce
Quince,Produce
Medlar,Produce
Loquat,Produce
Mulberries,Produce
Gooseberries,Produce
Elderberries,Produce
Boysenberries,Produce
Loganberries,Produce
Cloudberries,Produce
Huckleberries,Produce
Lingonberries,Produce
Redcurrants,Produce
Blackcurrants,Produce
White Currants,Produce
Cactus Pear,Produce
Kumquats,Produce
Yuzu,Produce
Calamansi,Produce
Finger Limes,Produce
Key Limes,Produce
Meyer Lemons,Produce
Pomelo,Produce
Buddha's Hand,Produce
Ugli Fruit,Produce
Tangelo,Produce
Minneola,Produce
Blood Oranges Navel,Produce
Mandarin Oranges,Produce
Satsuma,Produce
Clementine Oranges,Produce
Plantain Green,Produce
Plantain Ripe,Produce
Tomatillos,Produce
Ground Cherries,Produce
Physalis,Produce
Chayote,Produce
Bitter Melon,Produce
Luffa,Produce
Snake Gourd,Produce
Bottle Gourd,Produce
Wax Gourd,Produce
Tinda,Produce
Romanesco,Produce
Broccolini,Produce
Chinese Broccoli,Produce
Kai Lan,Produce
Water Spinach,Produce
Sweet Potato Leaves,Produce
Pumpkin Flowers,Produce
Zucchini Blossoms,Produce
Banana Blossoms,Produce
Lotus Seeds Fresh,Produce
Water Chestnut Fresh,Produce
Bamboo Shoots Fresh,Produce
Galangal Fresh,Produce
Ginger Fresh,Produce
Turmeric Fresh,Produce
Fingerroot,Produce
Kaffir Lime Leaves,Produce
Curry Leaves Fresh,Produce
Lemongrass Fresh,Produce
Pandan Leaves,Produce
Banana Leaves,Produce
Corn Husks,Produce
Lotus Leaves,Produce
Coriander Roots,Produce
Horseradish Root,Produce
Wasabi Root,Produce
Burdock Fresh,Produce
Black Radish,Produce
Daikon Radish,Produce
Watermelon Radish,Produce
French Breakfast Radish,Produce
Horseradish Leaves,Produce
Sorrel,Produce
Purslane,Produce
Lambsquarters,Produce
Stinging Nettles,Produce
Fiddlehead Ferns,Produce
Sea Beans,Produce
Dulse,Produce
Kombu,Produce
Nori,Produce
Wakame,Produce
Hijiki,Produce
Arame,Produce
Agar Agar,Pantry
Black Sesame Seeds,Pantry
White Sesame Seeds,Pantry
Nigella Seeds,Pantry
Caraway Seeds,Pantry
Fennel Seeds,Pantry
Anise Seeds,Pantry
Celery Seeds,Pantry
Poppy Seeds,Pantry
Mustard Seeds Yellow,Pantry
Mustard Seeds Brown,Pantry
Mustard Seeds Black,Pantry
Fenugreek Seeds,Pantry
Dill Seeds,Pantry
Coriander Seeds,Pantry
Cumin Seeds,Pantry
Ajwain Seeds,Pantry
Kalonji Seeds,Pantry
Mahlab,Pantry
Asafetida,Pantry
Saffron Threads,Spices
Vanilla Bean Pods,Pantry
Tonka Beans,Pantry
Dried Lavender,Spices
Dried Rose Petals,Spices
Dried Chamomile,Spices
Dried Hibiscus,Spices
Dried Elderflowers,Spices
Jasmine Flowers Dried,Spices
Osmanthus Flowers,Spices
Rosemary Fresh,Spices
Thyme Fresh,Spices
Oregano Fresh,Spices
Basil Fresh,Spices
Sage Fresh,Spices
Mint Fresh,Spices
Marjoram Fresh,Spices
Tarragon Fresh,Spices
Savory Fresh,Spices
Lemon Verbena,Spices
Bay Leaves Fresh,Spices
Curry Powder Madras,Spices
Garam Masala,Spices
Chinese Five Spice,Spices
Ras el Hanout,Spices
Za'atar,Spices
Herbes de Provence,Spices
Bouquet Garni Dried,Spices
Old Bay Seasoning,Spices
Cajun Seasoning,Spices
Creole Seasoning,Spices
Jerk Seasoning,Spices
Taco Seasoning,Spices
Fajita Seasoning,Spices
Lemon Pepper,Spices
Steak Seasoning,Spices
Poultry Seasoning,Spices
Pumpkin Pie Spice,Spices
Apple Pie Spice,Spices
Pickling Spice,Spices
Celery Salt,Spices
Garlic Salt,Spices
Onion Salt,Spices
Himalayan Pink Salt,Pantry
Grey Salt,Pantry
Flaky Sea Salt,Pantry
Black Salt,Pantry
Smoked Salt,Pantry
Red Alaea Salt,Pantry
Kosher Salt Diamond Crystal,Pantry
Kosher Salt Morton,Pantry
Table Salt Iodized,Pantry
Pickling Salt,Pantry
Rock Salt,Pantry
Ice Cream Salt,Pantry
Liquid Smoke Hickory,Pantry
Liquid Smoke Mesquite,Pantry
Marmite,Pantry
Vegemite,Pantry
Bovril,Pantry
Maggi Seasoning,Pantry
Liquid Aminos,Pantry
Coconut Aminos,Pantry
Fish Sauce Sweet,Pantry
Shrimp Paste Block,Pantry
Fermented Bean Curd,Pantry
Fermented Black Beans,Pantry
Salted Duck Eggs,Dairy
Century Eggs,Dairy
Natto,Pantry
Tempeh,Pantry
Tofu Firm,Pantry
Tofu Silken,Pantry
Tofu Extra Firm,Pantry
Tofu Super Firm,Pantry
Tofu Puffed,Pantry
Seitan,Pantry
Yuba,Pantry
Soy Curls,Pantry
Textured Vegetable Protein,Pantry
Jackfruit Canned,Pantry
Banana Leaves Frozen,Frozen
Corn Husks Dried,Pantry
Stevia Extract Liquid,Pantry
Monk Fruit Extract,Pantry
Erythritol,Pantry
Xylitol,Pantry
Allulose,Pantry
Maltitol,Pantry
Sorbitol,Pantry
Inulin Powder,Pantry
Pectin Liquid,Pantry
Citric Acid,Pantry
Ascorbic Acid,Pantry
Cream Cheese Whipped,Dairy
Butter Whipped,Dairy
Clarified Butter,Dairy
Smoked Butter,Dairy
Cultured Butter,Dairy
Buttermilk Powder,Dairy
Whipping Cream,Dairy
Double Cream,Dairy
Clotted Cream,Dairy
Crème Fraîche,Dairy
Mascarpone,Dairy
Queso Blanco,Dairy
Queso Oaxaca,Dairy
Panela Cheese,Dairy
Asiago Cheese,Dairy
Fontina,Dairy
Gruyère,Dairy
Emmental,Dairy
Raclette,Dairy
Havarti,Dairy
Muenster,Dairy
Edam,Dairy
Jarlsberg,Dairy
Manchego Cured,Dairy
Roquefort,Dairy
Gorgonzola,Dairy
Stilton,Dairy
Taleggio,Dairy
Pont l'Évêque,Dairy
Reblochon,Dairy
Camembert de Normandie,Dairy
Brie de Meaux,Dairy
Halloumi,Dairy
Kefalotyri,Dairy
Graviera,Dairy
Manouri,Dairy
Gjetost,Dairy
Paneer Fresh,Dairy
Khoya,Pantry
Chhena,Dairy
Burrata,Dairy
Scamorza,Dairy
Caciocavallo,Dairy
Provolone Valpadana,Dairy
Salers,Dairy
Cantal,Dairy
Laguiole,Dairy
Ossau-Iraty,Dairy
Valençay,Dairy
Crottin de Chavignol,Dairy
Banon,Dairy
Pélardon,Dairy
Rocamadour,Dairy
Selles-sur-Cher,Dairy
Brocciu,Dairy
Urfa Biber,Spices
Aleppo Pepper,Spices
Ancho Chile Powder,Spices
Guajillo Chile Powder,Spices
Pasilla Chile Powder,Spices
Chipotle Powder,Spices
Habanero Powder,Spices
Ghost Pepper Powder,Spices
Carolina Reaper Powder,Spices
Sichuan Peppercorns,Spices
Pink Peppercorns,Spices
White Peppercorns,Spices
Green Peppercorns,Spices
Long Pepper,Spices
Negro Pepper,Spices
Tasmanian Pepperberry,Spices
Selim Pepper,Spices
Melegueta Pepper,Spices
Horsemint,Spices
Epazote,Spices
Hoja Santa,Spices
Shiso Leaves,Produce
Lemongrass Powder,Spices
Galangal Powder,Spices
Dry Lime Loomi,Spices
Black Cardamom,Spices
White Cardamom,Spices
Star Anise,Spices
Cassia Bark,Spices
Ceylon Cinnamon,Spices
Saigon Cinnamon,Spices
Ajwain Powder,Spices
Nigella Seeds Whole,Spices
Black Caraway,Spices
Kasoori Methi,Spices
Amchoor Powder,Spices
Chaat Masala,Spices
Panch Phoron,Spices
Tandoori Masala,Spices
Biryani Masala,Spices
Kitchen King Masala,Spices
Sambar Powder,Spices
Rasam Powder,Spices
Vindaloo Curry Powder,Spices
Korma Powder,Spices
Black Garlic,Produce
Preserved Lemons,Pantry
Plum Chutney,Pantry
Mango Chutney,Pantry
Lime Pickle,Pantry
Mango Pickle,Pantry
Garlic Pickle,Pantry
Mixed Vegetable Pickle,Pantry
Kimchi,Pantry
Sauerkraut,Pantry
Nata de Coco,Pantry
Aloe Vera Gel,Pantry
Rose Water Culinary,Pantry
Orange Blossom Water Culinary,Pantry
Edible Flowers Violet,Produce
Edible Flowers Nasturtium,Produce
Edible Flowers Pansy,Produce
Edible Flowers Calendula,Produce
Bee Pollen,Pantry
Royal Jelly,Pantry
Propolis,Pantry
Brewer's Yeast,Pantry
Nutritional Yeast,Pantry
Liquid Smoke Applewood,Pantry
Liquid Smoke Mesquite Strong,Pantry
Caesar Dressing,Pantry
Croutons,Pantry
Egg Noodles,Pantry
Tofu,Produce
